ssd_name,label,icd_codes,icd_version
Symptom_Based_Diagnoses,Symptom-Based Diagnoses,33819,9
Symptom_Based_Diagnoses,Symptom-Based Diagnoses,33829,9
Symptom_Based_Diagnoses,Symptom-Based Diagnoses,56400,9
Symptom_Based_Diagnoses,Symptom-Based Diagnoses,71940,9
Symptom_Based_Diagnoses,Symptom-Based Diagnoses,71941,9
Symptom_Based_Diagnoses,Symptom-Based Diagnoses,71942,9
Symptom_Based_Diagnoses,Symptom-Based Diagnoses,71943,9
Symptom_Based_Diagnoses,Symptom-Based Diagnoses,71944,9
Symptom_Based_Diagnoses,Symptom-Based Diagnoses,71945,9
Symptom_Based_Diagnoses,Symptom-Based Diagnoses,71946,9
Symptom_Based_Diagnoses,Symptom-Based Diagnoses,71947,9
Symptom_Based_Diagnoses,Symptom-Based Diagnoses,71949,9
Symptom_Based_Diagnoses,Symptom-Based Diagnoses,7197,9
Symptom_Based_Diagnoses,Symptom-Based Diagnoses,7231,9
Symptom_Based_Diagnoses,Symptom-Based Diagnoses,7241,9
Symptom_Based_Diagnoses,Symptom-Based Diagnoses,7242,9
Symptom_Based_Diagnoses,Symptom-Based Diagnoses,7245,9
Symptom_Based_Diagnoses,Symptom-Based Diagnoses,7248,9
Symptom_Based_Diagnoses,Symptom-Based Diagnoses,72887,9
Symptom_Based_Diagnoses,Symptom-Based Diagnoses,7291,9
Symptom_Based_Diagnoses,Symptom-Based Diagnoses,7295,9
Symptom_Based_Diagnoses,Symptom-Based Diagnoses,72982,9
Symptom_Based_Diagnoses,Symptom-Based Diagnoses,72989,9
Symptom_Based_Diagnoses,Symptom-Based Diagnoses,7806,9
Symptom_Based_Diagnoses,Symptom-Based Diagnoses,78060,9
Symptom_Based_Diagnoses,Symptom-Based Diagnoses,78079,9
Symptom_Based_Diagnoses,Symptom-Based Diagnoses,78096,9
Symptom_Based_Diagnoses,Symptom-Based Diagnoses,78199,9
Symptom_Based_Diagnoses,Symptom-Based Diagnoses,7820,9
Symptom_Based_Diagnoses,Symptom-Based Diagnoses,7840,9
Symptom_Based_Diagnoses,Symptom-Based Diagnoses,78605,9
Symptom_Based_Diagnoses,Symptom-Based Diagnoses,78650,9
Symptom_Based_Diagnoses,Symptom-Based Diagnoses,78651,9
Symptom_Based_Diagnoses,Symptom-Based Diagnoses,78652,9
Symptom_Based_Diagnoses,Symptom-Based Diagnoses,78659,9
Symptom_Based_Diagnoses,Symptom-Based Diagnoses,78720,9
Symptom_Based_Diagnoses,Symptom-Based Diagnoses,78900,9
Symptom_Based_Diagnoses,Symptom-Based Diagnoses,78901,9
Symptom_Based_Diagnoses,Symptom-Based Diagnoses,78903,9
Symptom_Based_Diagnoses,Symptom-Based Diagnoses,78904,9
Symptom_Based_Diagnoses,Symptom-Based Diagnoses,78905,9
Symptom_Based_Diagnoses,Symptom-Based Diagnoses,78906,9
Symptom_Based_Diagnoses,Symptom-Based Diagnoses,78907,9
Symptom_Based_Diagnoses,Symptom-Based Diagnoses,78909,9
Symptom_Based_Diagnoses,Symptom-Based Diagnoses,7881,9
Symptom_Based_Diagnoses,Symptom-Based Diagnoses,78841,9
Alternative_Infectious_Disease_Related_Diagnoses,Alternative-Infectious-Disease-Related Diagnoses,486,9
Alternative_Infectious_Disease_Related_Diagnoses,Alternative-Infectious-Disease-Related Diagnoses,5990,9
Alternative_Infectious_Disease_Related_Diagnoses,Alternative-Infectious-Disease-Related Diagnoses,07999,9
Alternative_Musculoskeletal_Related_Diagnoses,Alternative-Musculoskeletal-Related Diagnoses,2749,9
Alternative_Musculoskeletal_Related_Diagnoses,Alternative-Musculoskeletal-Related Diagnoses,71500,9
Alternative_Musculoskeletal_Related_Diagnoses,Alternative-Musculoskeletal-Related Diagnoses,71509,9
Alternative_Musculoskeletal_Related_Diagnoses,Alternative-Musculoskeletal-Related Diagnoses,71511,9
Alternative_Musculoskeletal_Related_Diagnoses,Alternative-Musculoskeletal-Related Diagnoses,71515,9
Alternative_Musculoskeletal_Related_Diagnoses,Alternative-Musculoskeletal-Related Diagnoses,71516,9
Alternative_Musculoskeletal_Related_Diagnoses,Alternative-Musculoskeletal-Related Diagnoses,71530,9
Alternative_Musculoskeletal_Related_Diagnoses,Alternative-Musculoskeletal-Related Diagnoses,71536,9
Alternative_Musculoskeletal_Related_Diagnoses,Alternative-Musculoskeletal-Related Diagnoses,71590,9
Alternative_Musculoskeletal_Related_Diagnoses,Alternative-Musculoskeletal-Related Diagnoses,71591,9
Alternative_Musculoskeletal_Related_Diagnoses,Alternative-Musculoskeletal-Related Diagnoses,71595,9
Alternative_Musculoskeletal_Related_Diagnoses,Alternative-Musculoskeletal-Related Diagnoses,71596,9
Alternative_Musculoskeletal_Related_Diagnoses,Alternative-Musculoskeletal-Related Diagnoses,71597,9
Alternative_Musculoskeletal_Related_Diagnoses,Alternative-Musculoskeletal-Related Diagnoses,71648,9
Alternative_Musculoskeletal_Related_Diagnoses,Alternative-Musculoskeletal-Related Diagnoses,71688,9
Alternative_Musculoskeletal_Related_Diagnoses,Alternative-Musculoskeletal-Related Diagnoses,71690,9
Alternative_Musculoskeletal_Related_Diagnoses,Alternative-Musculoskeletal-Related Diagnoses,7202,9
Alternative_Musculoskeletal_Related_Diagnoses,Alternative-Musculoskeletal-Related Diagnoses,7210,9
Alternative_Musculoskeletal_Related_Diagnoses,Alternative-Musculoskeletal-Related Diagnoses,7211,9
Alternative_Musculoskeletal_Related_Diagnoses,Alternative-Musculoskeletal-Related Diagnoses,7212,9
Alternative_Musculoskeletal_Related_Diagnoses,Alternative-Musculoskeletal-Related Diagnoses,7213,9
Alternative_Musculoskeletal_Related_Diagnoses,Alternative-Musculoskeletal-Related Diagnoses,72142,9
Alternative_Musculoskeletal_Related_Diagnoses,Alternative-Musculoskeletal-Related Diagnoses,7218,9
Alternative_Musculoskeletal_Related_Diagnoses,Alternative-Musculoskeletal-Related Diagnoses,72190,9
Alternative_Musculoskeletal_Related_Diagnoses,Alternative-Musculoskeletal-Related Diagnoses,7220,9
Alternative_Musculoskeletal_Related_Diagnoses,Alternative-Musculoskeletal-Related Diagnoses,72210,9
Alternative_Musculoskeletal_Related_Diagnoses,Alternative-Musculoskeletal-Related Diagnoses,72211,9
Alternative_Musculoskeletal_Related_Diagnoses,Alternative-Musculoskeletal-Related Diagnoses,7222,9
Alternative_Musculoskeletal_Related_Diagnoses,Alternative-Musculoskeletal-Related Diagnoses,7224,9
Alternative_Musculoskeletal_Related_Diagnoses,Alternative-Musculoskeletal-Related Diagnoses,72251,9
Alternative_Musculoskeletal_Related_Diagnoses,Alternative-Musculoskeletal-Related Diagnoses,72252,9
Alternative_Musculoskeletal_Related_Diagnoses,Alternative-Musculoskeletal-Related Diagnoses,7226,9
Alternative_Musculoskeletal_Related_Diagnoses,Alternative-Musculoskeletal-Related Diagnoses,72271,9
Alternative_Musculoskeletal_Related_Diagnoses,Alternative-Musculoskeletal-Related Diagnoses,72273,9
Alternative_Musculoskeletal_Related_Diagnoses,Alternative-Musculoskeletal-Related Diagnoses,72290,9
Alternative_Musculoskeletal_Related_Diagnoses,Alternative-Musculoskeletal-Related Diagnoses,72292,9
Alternative_Musculoskeletal_Related_Diagnoses,Alternative-Musculoskeletal-Related Diagnoses,72293,9
Alternative_Musculoskeletal_Related_Diagnoses,Alternative-Musculoskeletal-Related Diagnoses,7230,9
Alternative_Musculoskeletal_Related_Diagnoses,Alternative-Musculoskeletal-Related Diagnoses,7232,9
Alternative_Musculoskeletal_Related_Diagnoses,Alternative-Musculoskeletal-Related Diagnoses,7233,9
Alternative_Musculoskeletal_Related_Diagnoses,Alternative-Musculoskeletal-Related Diagnoses,7238,9
Alternative_Musculoskeletal_Related_Diagnoses,Alternative-Musculoskeletal-Related Diagnoses,7239,9
Alternative_Musculoskeletal_Related_Diagnoses,Alternative-Musculoskeletal-Related Diagnoses,72400,9
Alternative_Musculoskeletal_Related_Diagnoses,Alternative-Musculoskeletal-Related Diagnoses,72401,9
Alternative_Musculoskeletal_Related_Diagnoses,Alternative-Musculoskeletal-Related Diagnoses,72402,9
Alternative_Musculoskeletal_Related_Diagnoses,Alternative-Musculoskeletal-Related Diagnoses,72403,9
Alternative_Musculoskeletal_Related_Diagnoses,Alternative-Musculoskeletal-Related Diagnoses,7243,9
Alternative_Musculoskeletal_Related_Diagnoses,Alternative-Musculoskeletal-Related Diagnoses,7244,9
Alternative_Musculoskeletal_Related_Diagnoses,Alternative-Musculoskeletal-Related Diagnoses,7246,9
Alternative_Musculoskeletal_Related_Diagnoses,Alternative-Musculoskeletal-Related Diagnoses,72470,9
Alternative_Musculoskeletal_Related_Diagnoses,Alternative-Musculoskeletal-Related Diagnoses,72479,9
Alternative_Musculoskeletal_Related_Diagnoses,Alternative-Musculoskeletal-Related Diagnoses,7249,9
Alternative_Musculoskeletal_Related_Diagnoses,Alternative-Musculoskeletal-Related Diagnoses,72610,9
Alternative_Musculoskeletal_Related_Diagnoses,Alternative-Musculoskeletal-Related Diagnoses,7262,9
Alternative_Musculoskeletal_Related_Diagnoses,Alternative-Musculoskeletal-Related Diagnoses,7265,9
Alternative_Musculoskeletal_Related_Diagnoses,Alternative-Musculoskeletal-Related Diagnoses,72706,9
Alternative_Musculoskeletal_Related_Diagnoses,Alternative-Musculoskeletal-Related Diagnoses,72885,9
Alternative_Musculoskeletal_Related_Diagnoses,Alternative-Musculoskeletal-Related Diagnoses,7289,9
Alternative_Musculoskeletal_Related_Diagnoses,Alternative-Musculoskeletal-Related Diagnoses,72999,9
Alternative_Musculoskeletal_Related_Diagnoses,Alternative-Musculoskeletal-Related Diagnoses,73300,9
Alternative_Musculoskeletal_Related_Diagnoses,Alternative-Musculoskeletal-Related Diagnoses,73301,9
Alternative_Musculoskeletal_Related_Diagnoses,Alternative-Musculoskeletal-Related Diagnoses,73313,9
Alternative_Musculoskeletal_Related_Diagnoses,Alternative-Musculoskeletal-Related Diagnoses,73390,9
Alternative_Musculoskeletal_Related_Diagnoses,Alternative-Musculoskeletal-Related Diagnoses,73399,9
Alternative_Musculoskeletal_Related_Diagnoses,Alternative-Musculoskeletal-Related Diagnoses,73730,9
Alternative_Musculoskeletal_Related_Diagnoses,Alternative-Musculoskeletal-Related Diagnoses,73739,9
Alternative_Musculoskeletal_Related_Diagnoses,Alternative-Musculoskeletal-Related Diagnoses,7384,9
Alternative_Musculoskeletal_Related_Diagnoses,Alternative-Musculoskeletal-Related Diagnoses,75612,9
Alternative_Musculoskeletal_Related_Diagnoses,Alternative-Musculoskeletal-Related Diagnoses,8052,9
Alternative_Musculoskeletal_Related_Diagnoses,Alternative-Musculoskeletal-Related Diagnoses,8054,9
Alternative_Musculoskeletal_Related_Diagnoses,Alternative-Musculoskeletal-Related Diagnoses,83908,9
Alternative_Musculoskeletal_Related_Diagnoses,Alternative-Musculoskeletal-Related Diagnoses,83920,9
Alternative_Musculoskeletal_Related_Diagnoses,Alternative-Musculoskeletal-Related Diagnoses,83921,9
Alternative_Musculoskeletal_Related_Diagnoses,Alternative-Musculoskeletal-Related Diagnoses,8409,9
Alternative_Musculoskeletal_Related_Diagnoses,Alternative-Musculoskeletal-Related Diagnoses,8439,9
Alternative_Musculoskeletal_Related_Diagnoses,Alternative-Musculoskeletal-Related Diagnoses,8449,9
Alternative_Musculoskeletal_Related_Diagnoses,Alternative-Musculoskeletal-Related Diagnoses,84500,9
Alternative_Musculoskeletal_Related_Diagnoses,Alternative-Musculoskeletal-Related Diagnoses,8460,9
Alternative_Musculoskeletal_Related_Diagnoses,Alternative-Musculoskeletal-Related Diagnoses,8461,9
Alternative_Musculoskeletal_Related_Diagnoses,Alternative-Musculoskeletal-Related Diagnoses,8470,9
Alternative_Musculoskeletal_Related_Diagnoses,Alternative-Musculoskeletal-Related Diagnoses,8471,9
Alternative_Musculoskeletal_Related_Diagnoses,Alternative-Musculoskeletal-Related Diagnoses,8472,9
Alternative_Musculoskeletal_Related_Diagnoses,Alternative-Musculoskeletal-Related Diagnoses,8479,9
Alternative_Musculoskeletal_Related_Diagnoses,Alternative-Musculoskeletal-Related Diagnoses,8485,9
Alternative_Musculoskeletal_Related_Diagnoses,Alternative-Musculoskeletal-Related Diagnoses,8488,9
Alternative_Musculoskeletal_Related_Diagnoses,Alternative-Musculoskeletal-Related Diagnoses,9089,9
Alternative_Musculoskeletal_Related_Diagnoses,Alternative-Musculoskeletal-Related Diagnoses,95909,9
Alternative_Musculoskeletal_Related_Diagnoses,Alternative-Musculoskeletal-Related Diagnoses,9596,9
Alternative_Musculoskeletal_Related_Diagnoses,Alternative-Musculoskeletal-Related Diagnoses,9597,9
Alternative_Neurologic_or_Vascular_Related_Diagnoses,Alternative-Neurologic or Vascular-Related Diagnoses,30781,9
Alternative_Neurologic_or_Vascular_Related_Diagnoses,Alternative-Neurologic or Vascular-Related Diagnoses,3239,9
Alternative_Neurologic_or_Vascular_Related_Diagnoses,Alternative-Neurologic or Vascular-Related Diagnoses,3320,9
Alternative_Neurologic_or_Vascular_Related_Diagnoses,Alternative-Neurologic or Vascular-Related Diagnoses,3361,9
Alternative_Neurologic_or_Vascular_Related_Diagnoses,Alternative-Neurologic or Vascular-Related Diagnoses,3368,9
Alternative_Neurologic_or_Vascular_Related_Diagnoses,Alternative-Neurologic or Vascular-Related Diagnoses,3369,9
Alternative_Neurologic_or_Vascular_Related_Diagnoses,Alternative-Neurologic or Vascular-Related Diagnoses,3384,9
Alternative_Neurologic_or_Vascular_Related_Diagnoses,Alternative-Neurologic or Vascular-Related Diagnoses,33910,9
Alternative_Neurologic_or_Vascular_Related_Diagnoses,Alternative-Neurologic or Vascular-Related Diagnoses,34281,9
Alternative_Neurologic_or_Vascular_Related_Diagnoses,Alternative-Neurologic or Vascular-Related Diagnoses,34282,9
Alternative_Neurologic_or_Vascular_Related_Diagnoses,Alternative-Neurologic or Vascular-Related Diagnoses,34290,9
Alternative_Neurologic_or_Vascular_Related_Diagnoses,Alternative-Neurologic or Vascular-Related Diagnoses,34291,9
Alternative_Neurologic_or_Vascular_Related_Diagnoses,Alternative-Neurologic or Vascular-Related Diagnoses,34292,9
Alternative_Neurologic_or_Vascular_Related_Diagnoses,Alternative-Neurologic or Vascular-Related Diagnoses,34400,9
Alternative_Neurologic_or_Vascular_Related_Diagnoses,Alternative-Neurologic or Vascular-Related Diagnoses,34409,9
Alternative_Neurologic_or_Vascular_Related_Diagnoses,Alternative-Neurologic or Vascular-Related Diagnoses,3441,9
Alternative_Neurologic_or_Vascular_Related_Diagnoses,Alternative-Neurologic or Vascular-Related Diagnoses,34610,9
Alternative_Neurologic_or_Vascular_Related_Diagnoses,Alternative-Neurologic or Vascular-Related Diagnoses,3530,9
Alternative_Neurologic_or_Vascular_Related_Diagnoses,Alternative-Neurologic or Vascular-Related Diagnoses,3532,9
Alternative_Neurologic_or_Vascular_Related_Diagnoses,Alternative-Neurologic or Vascular-Related Diagnoses,3540,9
Alternative_Neurologic_or_Vascular_Related_Diagnoses,Alternative-Neurologic or Vascular-Related Diagnoses,3542,9
Alternative_Neurologic_or_Vascular_Related_Diagnoses,Alternative-Neurologic or Vascular-Related Diagnoses,3558,9
Alternative_Neurologic_or_Vascular_Related_Diagnoses,Alternative-Neurologic or Vascular-Related Diagnoses,3559,9
Alternative_Neurologic_or_Vascular_Related_Diagnoses,Alternative-Neurologic or Vascular-Related Diagnoses,3569,9
Alternative_Neurologic_or_Vascular_Related_Diagnoses,Alternative-Neurologic or Vascular-Related Diagnoses,3579,9
Alternative_Neurologic_or_Vascular_Related_Diagnoses,Alternative-Neurologic or Vascular-Related Diagnoses,4359,9
Alternative_Neurologic_or_Vascular_Related_Diagnoses,Alternative-Neurologic or Vascular-Related Diagnoses,436,9
Alternative_Neurologic_or_Vascular_Related_Diagnoses,Alternative-Neurologic or Vascular-Related Diagnoses,43822,9
Alternative_Neurologic_or_Vascular_Related_Diagnoses,Alternative-Neurologic or Vascular-Related Diagnoses,4439,9
Alternative_Neurologic_or_Vascular_Related_Diagnoses,Alternative-Neurologic or Vascular-Related Diagnoses,7135,9
Alternative_Neurologic_or_Vascular_Related_Diagnoses,Alternative-Neurologic or Vascular-Related Diagnoses,7291,9
Alternative_Neurologic_or_Vascular_Related_Diagnoses,Alternative-Neurologic or Vascular-Related Diagnoses,7292,9
Alternative_Neurologic_or_Vascular_Related_Diagnoses,Alternative-Neurologic or Vascular-Related Diagnoses,7234,9
Alternative_Neurologic_or_Vascular_Related_Diagnoses,Alternative-Neurologic or Vascular-Related Diagnoses,7235,9
Alternative_Neurologic_or_Vascular_Related_Diagnoses,Alternative-Neurologic or Vascular-Related Diagnoses,73605,9
Alternative_GI_GU_Related_Diagnoses,Alternative-GI/GU-Related Diagnoses,57420,9
Alternative_GI_GU_Related_Diagnoses,Alternative-GI/GU-Related Diagnoses,5920,9
Alternative_GI_GU_Related_Diagnoses,Alternative-GI/GU-Related Diagnoses,5932,9
Alternative_GI_GU_Related_Diagnoses,Alternative-GI/GU-Related Diagnoses,59654,9
Alternative_GI_GU_Related_Diagnoses,Alternative-GI/GU-Related Diagnoses,78820,9
Alternative_GI_GU_Related_Diagnoses,Alternative-GI/GU-Related Diagnoses,78830,9
Testing_Imaging_or_Physical_Exam_Based_Diagnoses,Testing-Imaging-or-Physical-Exam-Based Diagnoses,28529,9
Testing_Imaging_or_Physical_Exam_Based_Diagnoses,Testing-Imaging-or-Physical-Exam-Based Diagnoses,2859,9
Testing_Imaging_or_Physical_Exam_Based_Diagnoses,Testing-Imaging-or-Physical-Exam-Based Diagnoses,2875,9
Testing_Imaging_or_Physical_Exam_Based_Diagnoses,Testing-Imaging-or-Physical-Exam-Based Diagnoses,28860,9
Testing_Imaging_or_Physical_Exam_Based_Diagnoses,Testing-Imaging-or-Physical-Exam-Based Diagnoses,7812,9
Testing_Imaging_or_Physical_Exam_Based_Diagnoses,Testing-Imaging-or-Physical-Exam-Based Diagnoses,78321,9
Testing_Imaging_or_Physical_Exam_Based_Diagnoses,Testing-Imaging-or-Physical-Exam-Based Diagnoses,7937,9
Symptom_Based_Diagnoses,Symptom-Based Diagnoses,G8929,10
Symptom_Based_Diagnoses,Symptom-Based Diagnoses,K5900,10
Symptom_Based_Diagnoses,Symptom-Based Diagnoses,M160,10
Symptom_Based_Diagnoses,Symptom-Based Diagnoses,M2550,10
Symptom_Based_Diagnoses,Symptom-Based Diagnoses,M25511,10
Symptom_Based_Diagnoses,Symptom-Based Diagnoses,M25512,10
Symptom_Based_Diagnoses,Symptom-Based Diagnoses,M25519,10
Symptom_Based_Diagnoses,Symptom-Based Diagnoses,M25529,10
Symptom_Based_Diagnoses,Symptom-Based Diagnoses,M25531,10
Symptom_Based_Diagnoses,Symptom-Based Diagnoses,M25532,10
Symptom_Based_Diagnoses,Symptom-Based Diagnoses,M25539,10
Symptom_Based_Diagnoses,Symptom-Based Diagnoses,M25551,10
Symptom_Based_Diagnoses,Symptom-Based Diagnoses,M25552,10
Symptom_Based_Diagnoses,Symptom-Based Diagnoses,M25559,10
Symptom_Based_Diagnoses,Symptom-Based Diagnoses,M25569,10
Symptom_Based_Diagnoses,Symptom-Based Diagnoses,M25579,10
Symptom_Based_Diagnoses,Symptom-Based Diagnoses,M545,10
Symptom_Based_Diagnoses,Symptom-Based Diagnoses,M546,10
Symptom_Based_Diagnoses,Symptom-Based Diagnoses,M5489,10
Symptom_Based_Diagnoses,Symptom-Based Diagnoses,M549,10
Symptom_Based_Diagnoses,Symptom-Based Diagnoses,M6281,10
Symptom_Based_Diagnoses,Symptom-Based Diagnoses,M62830,10
Symptom_Based_Diagnoses,Symptom-Based Diagnoses,M791,10
Symptom_Based_Diagnoses,Symptom-Based Diagnoses,M79601,10
Symptom_Based_Diagnoses,Symptom-Based Diagnoses,M79602,10
Symptom_Based_Diagnoses,Symptom-Based Diagnoses,M79604,10
Symptom_Based_Diagnoses,Symptom-Based Diagnoses,M79605,10
Symptom_Based_Diagnoses,Symptom-Based Diagnoses,M79606,10
Symptom_Based_Diagnoses,Symptom-Based Diagnoses,M79609,10
Symptom_Based_Diagnoses,Symptom-Based Diagnoses,M79641,10
Symptom_Based_Diagnoses,Symptom-Based Diagnoses,M79642,10
Symptom_Based_Diagnoses,Symptom-Based Diagnoses,M79643,10
Symptom_Based_Diagnoses,Symptom-Based Diagnoses,M79646,10
Symptom_Based_Diagnoses,Symptom-Based Diagnoses,M79661,10
Symptom_Based_Diagnoses,Symptom-Based Diagnoses,M79662,10
Symptom_Based_Diagnoses,Symptom-Based Diagnoses,R071,10
Symptom_Based_Diagnoses,Symptom-Based Diagnoses,R072,10
Symptom_Based_Diagnoses,Symptom-Based Diagnoses,R0781,10
Symptom_Based_Diagnoses,Symptom-Based Diagnoses,R0782,10
Symptom_Based_Diagnoses,Symptom-Based Diagnoses,R0789,10
Symptom_Based_Diagnoses,Symptom-Based Diagnoses,R079,10
Symptom_Based_Diagnoses,Symptom-Based Diagnoses,R1010,10
Symptom_Based_Diagnoses,Symptom-Based Diagnoses,R1011,10
Symptom_Based_Diagnoses,Symptom-Based Diagnoses,R1012,10
Symptom_Based_Diagnoses,Symptom-Based Diagnoses,R1013,10
Symptom_Based_Diagnoses,Symptom-Based Diagnoses,R102,10
Symptom_Based_Diagnoses,Symptom-Based Diagnoses,R1030,10
Symptom_Based_Diagnoses,Symptom-Based Diagnoses,R1031,10
Symptom_Based_Diagnoses,Symptom-Based Diagnoses,R1032,10
Symptom_Based_Diagnoses,Symptom-Based Diagnoses,R1084,10
Symptom_Based_Diagnoses,Symptom-Based Diagnoses,R109,10
Symptom_Based_Diagnoses,Symptom-Based Diagnoses,R130,10
Symptom_Based_Diagnoses,Symptom-Based Diagnoses,R1310,10
Symptom_Based_Diagnoses,Symptom-Based Diagnoses,R200,10
Symptom_Based_Diagnoses,Symptom-Based Diagnoses,R201,10
Symptom_Based_Diagnoses,Symptom-Based Diagnoses,R202,10
Symptom_Based_Diagnoses,Symptom-Based Diagnoses,R203,10
Symptom_Based_Diagnoses,Symptom-Based Diagnoses,R208,10
Symptom_Based_Diagnoses,Symptom-Based Diagnoses,R209,10
Symptom_Based_Diagnoses,Symptom-Based Diagnoses,R252,10
Symptom_Based_Diagnoses,Symptom-Based Diagnoses,R262,10
Symptom_Based_Diagnoses,Symptom-Based Diagnoses,R270,10
Symptom_Based_Diagnoses,Symptom-Based Diagnoses,R29898,10
Symptom_Based_Diagnoses,Symptom-Based Diagnoses,R300,10
Symptom_Based_Diagnoses,Symptom-Based Diagnoses,R309,10
Symptom_Based_Diagnoses,Symptom-Based Diagnoses,R350,10
Symptom_Based_Diagnoses,Symptom-Based Diagnoses,R509,10
Symptom_Based_Diagnoses,Symptom-Based Diagnoses,R51,10
Symptom_Based_Diagnoses,Symptom-Based Diagnoses,R52,10
Symptom_Based_Diagnoses,Symptom-Based Diagnoses,R531,10
Symptom_Based_Diagnoses,Symptom-Based Diagnoses,R5381,10
Symptom_Based_Diagnoses,Symptom-Based Diagnoses,R5383,10
Symptom_Based_Diagnoses,Symptom-Based Diagnoses,M542,10
Alternative_Infectious_Disease_Related_Diagnoses,Alternative-Infectious-Disease-Related Diagnoses,B9789,10
Alternative_Infectious_Disease_Related_Diagnoses,Alternative-Infectious-Disease-Related Diagnoses,J189,10
Alternative_Infectious_Disease_Related_Diagnoses,Alternative-Infectious-Disease-Related Diagnoses,N390,10
Alternative_Musculoskeletal_Related_Diagnoses,Alternative-Musculoskeletal-Related Diagnoses,M109,10
Alternative_Musculoskeletal_Related_Diagnoses,Alternative-Musculoskeletal-Related Diagnoses,M1288,10
Alternative_Musculoskeletal_Related_Diagnoses,Alternative-Musculoskeletal-Related Diagnoses,M129,10
Alternative_Musculoskeletal_Related_Diagnoses,Alternative-Musculoskeletal-Related Diagnoses,M150,10
Alternative_Musculoskeletal_Related_Diagnoses,Alternative-Musculoskeletal-Related Diagnoses,M159,10
Alternative_Musculoskeletal_Related_Diagnoses,Alternative-Musculoskeletal-Related Diagnoses,M160,10
Alternative_Musculoskeletal_Related_Diagnoses,Alternative-Musculoskeletal-Related Diagnoses,M1611,10
Alternative_Musculoskeletal_Related_Diagnoses,Alternative-Musculoskeletal-Related Diagnoses,M169,10
Alternative_Musculoskeletal_Related_Diagnoses,Alternative-Musculoskeletal-Related Diagnoses,M1710,10
Alternative_Musculoskeletal_Related_Diagnoses,Alternative-Musculoskeletal-Related Diagnoses,M179,10
Alternative_Musculoskeletal_Related_Diagnoses,Alternative-Musculoskeletal-Related Diagnoses,M19011,10
Alternative_Musculoskeletal_Related_Diagnoses,Alternative-Musculoskeletal-Related Diagnoses,M1990,10
Alternative_Musculoskeletal_Related_Diagnoses,Alternative-Musculoskeletal-Related Diagnoses,M2578,10
Alternative_Musculoskeletal_Related_Diagnoses,Alternative-Musculoskeletal-Related Diagnoses,M4120,10
Alternative_Musculoskeletal_Related_Diagnoses,Alternative-Musculoskeletal-Related Diagnoses,M4180,10
Alternative_Musculoskeletal_Related_Diagnoses,Alternative-Musculoskeletal-Related Diagnoses,M4186,10
Alternative_Musculoskeletal_Related_Diagnoses,Alternative-Musculoskeletal-Related Diagnoses,M419,10
Alternative_Musculoskeletal_Related_Diagnoses,Alternative-Musculoskeletal-Related Diagnoses,M4300,10
Alternative_Musculoskeletal_Related_Diagnoses,Alternative-Musculoskeletal-Related Diagnoses,M4306,10
Alternative_Musculoskeletal_Related_Diagnoses,Alternative-Musculoskeletal-Related Diagnoses,M4310,10
Alternative_Musculoskeletal_Related_Diagnoses,Alternative-Musculoskeletal-Related Diagnoses,M4312,10
Alternative_Musculoskeletal_Related_Diagnoses,Alternative-Musculoskeletal-Related Diagnoses,M4316,10
Alternative_Musculoskeletal_Related_Diagnoses,Alternative-Musculoskeletal-Related Diagnoses,M4317,10
Alternative_Musculoskeletal_Related_Diagnoses,Alternative-Musculoskeletal-Related Diagnoses,M438X9,10
Alternative_Musculoskeletal_Related_Diagnoses,Alternative-Musculoskeletal-Related Diagnoses,M461,10
Alternative_Musculoskeletal_Related_Diagnoses,Alternative-Musculoskeletal-Related Diagnoses,M4712,10
Alternative_Musculoskeletal_Related_Diagnoses,Alternative-Musculoskeletal-Related Diagnoses,M4716,10
Alternative_Musculoskeletal_Related_Diagnoses,Alternative-Musculoskeletal-Related Diagnoses,M4722,10
Alternative_Musculoskeletal_Related_Diagnoses,Alternative-Musculoskeletal-Related Diagnoses,M4726,10
Alternative_Musculoskeletal_Related_Diagnoses,Alternative-Musculoskeletal-Related Diagnoses,M4727,10
Alternative_Musculoskeletal_Related_Diagnoses,Alternative-Musculoskeletal-Related Diagnoses,M47812,10
Alternative_Musculoskeletal_Related_Diagnoses,Alternative-Musculoskeletal-Related Diagnoses,M47814,10
Alternative_Musculoskeletal_Related_Diagnoses,Alternative-Musculoskeletal-Related Diagnoses,M47816,10
Alternative_Musculoskeletal_Related_Diagnoses,Alternative-Musculoskeletal-Related Diagnoses,M47817,10
Alternative_Musculoskeletal_Related_Diagnoses,Alternative-Musculoskeletal-Related Diagnoses,M47819,10
Alternative_Musculoskeletal_Related_Diagnoses,Alternative-Musculoskeletal-Related Diagnoses,M47892,10
Alternative_Musculoskeletal_Related_Diagnoses,Alternative-Musculoskeletal-Related Diagnoses,M47896,10
Alternative_Musculoskeletal_Related_Diagnoses,Alternative-Musculoskeletal-Related Diagnoses,M47897,10
Alternative_Musculoskeletal_Related_Diagnoses,Alternative-Musculoskeletal-Related Diagnoses,M479,10
Alternative_Musculoskeletal_Related_Diagnoses,Alternative-Musculoskeletal-Related Diagnoses,M4800,10
Alternative_Musculoskeletal_Related_Diagnoses,Alternative-Musculoskeletal-Related Diagnoses,M4802,10
Alternative_Musculoskeletal_Related_Diagnoses,Alternative-Musculoskeletal-Related Diagnoses,M4804,10
Alternative_Musculoskeletal_Related_Diagnoses,Alternative-Musculoskeletal-Related Diagnoses,M4806,10
Alternative_Musculoskeletal_Related_Diagnoses,Alternative-Musculoskeletal-Related Diagnoses,M48061,10
Alternative_Musculoskeletal_Related_Diagnoses,Alternative-Musculoskeletal-Related Diagnoses,M48062,10
Alternative_Musculoskeletal_Related_Diagnoses,Alternative-Musculoskeletal-Related Diagnoses,M4807,10
Alternative_Musculoskeletal_Related_Diagnoses,Alternative-Musculoskeletal-Related Diagnoses,M4850XA,10
Alternative_Musculoskeletal_Related_Diagnoses,Alternative-Musculoskeletal-Related Diagnoses,M4856XA,10
Alternative_Musculoskeletal_Related_Diagnoses,Alternative-Musculoskeletal-Related Diagnoses,M488X4,10
Alternative_Musculoskeletal_Related_Diagnoses,Alternative-Musculoskeletal-Related Diagnoses,M489,10
Alternative_Musculoskeletal_Related_Diagnoses,Alternative-Musculoskeletal-Related Diagnoses,M5000,10
Alternative_Musculoskeletal_Related_Diagnoses,Alternative-Musculoskeletal-Related Diagnoses,M5002,10
Alternative_Musculoskeletal_Related_Diagnoses,Alternative-Musculoskeletal-Related Diagnoses,M5010,10
Alternative_Musculoskeletal_Related_Diagnoses,Alternative-Musculoskeletal-Related Diagnoses,M5012,10
Alternative_Musculoskeletal_Related_Diagnoses,Alternative-Musculoskeletal-Related Diagnoses,M5013,10
Alternative_Musculoskeletal_Related_Diagnoses,Alternative-Musculoskeletal-Related Diagnoses,M5020,10
Alternative_Musculoskeletal_Related_Diagnoses,Alternative-Musculoskeletal-Related Diagnoses,M5021,10
Alternative_Musculoskeletal_Related_Diagnoses,Alternative-Musculoskeletal-Related Diagnoses,M5022,10
Alternative_Musculoskeletal_Related_Diagnoses,Alternative-Musculoskeletal-Related Diagnoses,M5030,10
Alternative_Musculoskeletal_Related_Diagnoses,Alternative-Musculoskeletal-Related Diagnoses,M5031,10
Alternative_Musculoskeletal_Related_Diagnoses,Alternative-Musculoskeletal-Related Diagnoses,M5032,10
Alternative_Musculoskeletal_Related_Diagnoses,Alternative-Musculoskeletal-Related Diagnoses,M5033,10
Alternative_Musculoskeletal_Related_Diagnoses,Alternative-Musculoskeletal-Related Diagnoses,M5106,10
Alternative_Musculoskeletal_Related_Diagnoses,Alternative-Musculoskeletal-Related Diagnoses,M5116,10
Alternative_Musculoskeletal_Related_Diagnoses,Alternative-Musculoskeletal-Related Diagnoses,M5117,10
Alternative_Musculoskeletal_Related_Diagnoses,Alternative-Musculoskeletal-Related Diagnoses,M5124,10
Alternative_Musculoskeletal_Related_Diagnoses,Alternative-Musculoskeletal-Related Diagnoses,M5126,10
Alternative_Musculoskeletal_Related_Diagnoses,Alternative-Musculoskeletal-Related Diagnoses,M5127,10
Alternative_Musculoskeletal_Related_Diagnoses,Alternative-Musculoskeletal-Related Diagnoses,M5134,10
Alternative_Musculoskeletal_Related_Diagnoses,Alternative-Musculoskeletal-Related Diagnoses,M5135,10
Alternative_Musculoskeletal_Related_Diagnoses,Alternative-Musculoskeletal-Related Diagnoses,M5136,10
Alternative_Musculoskeletal_Related_Diagnoses,Alternative-Musculoskeletal-Related Diagnoses,M5137,10
Alternative_Musculoskeletal_Related_Diagnoses,Alternative-Musculoskeletal-Related Diagnoses,M5184,10
Alternative_Musculoskeletal_Related_Diagnoses,Alternative-Musculoskeletal-Related Diagnoses,M5185,10
Alternative_Musculoskeletal_Related_Diagnoses,Alternative-Musculoskeletal-Related Diagnoses,M5186,10
Alternative_Musculoskeletal_Related_Diagnoses,Alternative-Musculoskeletal-Related Diagnoses,M5187,10
Alternative_Musculoskeletal_Related_Diagnoses,Alternative-Musculoskeletal-Related Diagnoses,M519,10
Alternative_Musculoskeletal_Related_Diagnoses,Alternative-Musculoskeletal-Related Diagnoses,M609,10
Alternative_Musculoskeletal_Related_Diagnoses,Alternative-Musculoskeletal-Related Diagnoses,M629,10
Alternative_Musculoskeletal_Related_Diagnoses,Alternative-Musculoskeletal-Related Diagnoses,M6240,10
Alternative_Musculoskeletal_Related_Diagnoses,Alternative-Musculoskeletal-Related Diagnoses,M6249,10
Alternative_Musculoskeletal_Related_Diagnoses,Alternative-Musculoskeletal-Related Diagnoses,M62830,10
Alternative_Musculoskeletal_Related_Diagnoses,Alternative-Musculoskeletal-Related Diagnoses,M62838,10
Alternative_Musculoskeletal_Related_Diagnoses,Alternative-Musculoskeletal-Related Diagnoses,M65879,10
Alternative_Musculoskeletal_Related_Diagnoses,Alternative-Musculoskeletal-Related Diagnoses,M7060,10
Alternative_Musculoskeletal_Related_Diagnoses,Alternative-Musculoskeletal-Related Diagnoses,M7070,10
Alternative_Musculoskeletal_Related_Diagnoses,Alternative-Musculoskeletal-Related Diagnoses,M7610,10
Alternative_Musculoskeletal_Related_Diagnoses,Alternative-Musculoskeletal-Related Diagnoses,M7620,10
Alternative_Musculoskeletal_Related_Diagnoses,Alternative-Musculoskeletal-Related Diagnoses,M75100,10
Alternative_Musculoskeletal_Related_Diagnoses,Alternative-Musculoskeletal-Related Diagnoses,M7530,10
Alternative_Musculoskeletal_Related_Diagnoses,Alternative-Musculoskeletal-Related Diagnoses,M7540,10
Alternative_Musculoskeletal_Related_Diagnoses,Alternative-Musculoskeletal-Related Diagnoses,M7550,10
Alternative_Musculoskeletal_Related_Diagnoses,Alternative-Musculoskeletal-Related Diagnoses,M7580,10
Alternative_Musculoskeletal_Related_Diagnoses,Alternative-Musculoskeletal-Related Diagnoses,M7989,10
Alternative_Musculoskeletal_Related_Diagnoses,Alternative-Musculoskeletal-Related Diagnoses,M8008XA,10
Alternative_Musculoskeletal_Related_Diagnoses,Alternative-Musculoskeletal-Related Diagnoses,M810,10
Alternative_Musculoskeletal_Related_Diagnoses,Alternative-Musculoskeletal-Related Diagnoses,M8448XA,10
Alternative_Musculoskeletal_Related_Diagnoses,Alternative-Musculoskeletal-Related Diagnoses,M8468XA,10
Alternative_Musculoskeletal_Related_Diagnoses,Alternative-Musculoskeletal-Related Diagnoses,M8930,10
Alternative_Musculoskeletal_Related_Diagnoses,Alternative-Musculoskeletal-Related Diagnoses,M898X9,10
Alternative_Musculoskeletal_Related_Diagnoses,Alternative-Musculoskeletal-Related Diagnoses,M899,10
Alternative_Musculoskeletal_Related_Diagnoses,Alternative-Musculoskeletal-Related Diagnoses,M948X9,10
Alternative_Musculoskeletal_Related_Diagnoses,Alternative-Musculoskeletal-Related Diagnoses,M949,10
Alternative_Musculoskeletal_Related_Diagnoses,Alternative-Musculoskeletal-Related Diagnoses,M9971,10
Alternative_Musculoskeletal_Related_Diagnoses,Alternative-Musculoskeletal-Related Diagnoses,S13101A,10
Alternative_Musculoskeletal_Related_Diagnoses,Alternative-Musculoskeletal-Related Diagnoses,S134XXA,10
Alternative_Musculoskeletal_Related_Diagnoses,Alternative-Musculoskeletal-Related Diagnoses,S134XXD,10
Alternative_Musculoskeletal_Related_Diagnoses,Alternative-Musculoskeletal-Related Diagnoses,S138XXA,10
Alternative_Musculoskeletal_Related_Diagnoses,Alternative-Musculoskeletal-Related Diagnoses,S161XXA,10
Alternative_Musculoskeletal_Related_Diagnoses,Alternative-Musculoskeletal-Related Diagnoses,S161XXD,10
Alternative_Musculoskeletal_Related_Diagnoses,Alternative-Musculoskeletal-Related Diagnoses,S199XXA,10
Alternative_Musculoskeletal_Related_Diagnoses,Alternative-Musculoskeletal-Related Diagnoses,S22009A,10
Alternative_Musculoskeletal_Related_Diagnoses,Alternative-Musculoskeletal-Related Diagnoses,S23131A,10
Alternative_Musculoskeletal_Related_Diagnoses,Alternative-Musculoskeletal-Related Diagnoses,S233XXA,10
Alternative_Musculoskeletal_Related_Diagnoses,Alternative-Musculoskeletal-Related Diagnoses,S238XXA,10
Alternative_Musculoskeletal_Related_Diagnoses,Alternative-Musculoskeletal-Related Diagnoses,S239XXA,10
Alternative_Musculoskeletal_Related_Diagnoses,Alternative-Musculoskeletal-Related Diagnoses,S32009A,10
Alternative_Musculoskeletal_Related_Diagnoses,Alternative-Musculoskeletal-Related Diagnoses,S33101A,10
Alternative_Musculoskeletal_Related_Diagnoses,Alternative-Musculoskeletal-Related Diagnoses,S335XXA,10
Alternative_Musculoskeletal_Related_Diagnoses,Alternative-Musculoskeletal-Related Diagnoses,S335XXD,10
Alternative_Musculoskeletal_Related_Diagnoses,Alternative-Musculoskeletal-Related Diagnoses,S336XXA,10
Alternative_Musculoskeletal_Related_Diagnoses,Alternative-Musculoskeletal-Related Diagnoses,S338XXA,10
Alternative_Musculoskeletal_Related_Diagnoses,Alternative-Musculoskeletal-Related Diagnoses,S39012A,10
Alternative_Musculoskeletal_Related_Diagnoses,Alternative-Musculoskeletal-Related Diagnoses,S39012D,10
Alternative_Musculoskeletal_Related_Diagnoses,Alternative-Musculoskeletal-Related Diagnoses,S3992XA,10
Alternative_Musculoskeletal_Related_Diagnoses,Alternative-Musculoskeletal-Related Diagnoses,S43409A,10
Alternative_Musculoskeletal_Related_Diagnoses,Alternative-Musculoskeletal-Related Diagnoses,S46919A,10
Alternative_Musculoskeletal_Related_Diagnoses,Alternative-Musculoskeletal-Related Diagnoses,S73109A,10
Alternative_Musculoskeletal_Related_Diagnoses,Alternative-Musculoskeletal-Related Diagnoses,S76919A,10
Alternative_Musculoskeletal_Related_Diagnoses,Alternative-Musculoskeletal-Related Diagnoses,S79819A,10
Alternative_Musculoskeletal_Related_Diagnoses,Alternative-Musculoskeletal-Related Diagnoses,S79829A,10
Alternative_Musculoskeletal_Related_Diagnoses,Alternative-Musculoskeletal-Related Diagnoses,S79919A,10
Alternative_Musculoskeletal_Related_Diagnoses,Alternative-Musculoskeletal-Related Diagnoses,S79929A,10
Alternative_Musculoskeletal_Related_Diagnoses,Alternative-Musculoskeletal-Related Diagnoses,S8390XA,10
Alternative_Musculoskeletal_Related_Diagnoses,Alternative-Musculoskeletal-Related Diagnoses,S86919A,10
Alternative_Musculoskeletal_Related_Diagnoses,Alternative-Musculoskeletal-Related Diagnoses,S8980XA,10
Alternative_Musculoskeletal_Related_Diagnoses,Alternative-Musculoskeletal-Related Diagnoses,S8990XA,10
Alternative_Musculoskeletal_Related_Diagnoses,Alternative-Musculoskeletal-Related Diagnoses,S93409A,10
Alternative_Musculoskeletal_Related_Diagnoses,Alternative-Musculoskeletal-Related Diagnoses,S96919A,10
Alternative_Musculoskeletal_Related_Diagnoses,Alternative-Musculoskeletal-Related Diagnoses,S99819A,10
Alternative_Musculoskeletal_Related_Diagnoses,Alternative-Musculoskeletal-Related Diagnoses,S99919A,10
Alternative_Neurologic_or_Vascular_Related_Diagnoses,Alternative-Neurologic or Vascular-Related Diagnoses,G0490,10
Alternative_Neurologic_or_Vascular_Related_Diagnoses,Alternative-Neurologic or Vascular-Related Diagnoses,G0491,10
Alternative_Neurologic_or_Vascular_Related_Diagnoses,Alternative-Neurologic or Vascular-Related Diagnoses,G43009,10
Alternative_Neurologic_or_Vascular_Related_Diagnoses,Alternative-Neurologic or Vascular-Related Diagnoses,G441,10
Alternative_Neurologic_or_Vascular_Related_Diagnoses,Alternative-Neurologic or Vascular-Related Diagnoses,G44209,10
Alternative_Neurologic_or_Vascular_Related_Diagnoses,Alternative-Neurologic or Vascular-Related Diagnoses,G459,10
Alternative_Neurologic_or_Vascular_Related_Diagnoses,Alternative-Neurologic or Vascular-Related Diagnoses,G540,10
Alternative_Neurologic_or_Vascular_Related_Diagnoses,Alternative-Neurologic or Vascular-Related Diagnoses,G542,10
Alternative_Neurologic_or_Vascular_Related_Diagnoses,Alternative-Neurologic or Vascular-Related Diagnoses,G5600,10
Alternative_Neurologic_or_Vascular_Related_Diagnoses,Alternative-Neurologic or Vascular-Related Diagnoses,G5601,10
Alternative_Neurologic_or_Vascular_Related_Diagnoses,Alternative-Neurologic or Vascular-Related Diagnoses,G5602,10
Alternative_Neurologic_or_Vascular_Related_Diagnoses,Alternative-Neurologic or Vascular-Related Diagnoses,G5620,10
Alternative_Neurologic_or_Vascular_Related_Diagnoses,Alternative-Neurologic or Vascular-Related Diagnoses,G5790,10
Alternative_Neurologic_or_Vascular_Related_Diagnoses,Alternative-Neurologic or Vascular-Related Diagnoses,G589,10
Alternative_Neurologic_or_Vascular_Related_Diagnoses,Alternative-Neurologic or Vascular-Related Diagnoses,G609,10
Alternative_Neurologic_or_Vascular_Related_Diagnoses,Alternative-Neurologic or Vascular-Related Diagnoses,G629,10
Alternative_Neurologic_or_Vascular_Related_Diagnoses,Alternative-Neurologic or Vascular-Related Diagnoses,G8190,10
Alternative_Neurologic_or_Vascular_Related_Diagnoses,Alternative-Neurologic or Vascular-Related Diagnoses,G8191,10
Alternative_Neurologic_or_Vascular_Related_Diagnoses,Alternative-Neurologic or Vascular-Related Diagnoses,G8194,10
Alternative_Neurologic_or_Vascular_Related_Diagnoses,Alternative-Neurologic or Vascular-Related Diagnoses,G8220,10
Alternative_Neurologic_or_Vascular_Related_Diagnoses,Alternative-Neurologic or Vascular-Related Diagnoses,G8222,10
Alternative_Neurologic_or_Vascular_Related_Diagnoses,Alternative-Neurologic or Vascular-Related Diagnoses,G8250,10
Alternative_Neurologic_or_Vascular_Related_Diagnoses,Alternative-Neurologic or Vascular-Related Diagnoses,G894,10
Alternative_Neurologic_or_Vascular_Related_Diagnoses,Alternative-Neurologic or Vascular-Related Diagnoses,G9520,10
Alternative_Neurologic_or_Vascular_Related_Diagnoses,Alternative-Neurologic or Vascular-Related Diagnoses,G959,10
Alternative_Neurologic_or_Vascular_Related_Diagnoses,Alternative-Neurologic or Vascular-Related Diagnoses,I6789,10
Alternative_Neurologic_or_Vascular_Related_Diagnoses,Alternative-Neurologic or Vascular-Related Diagnoses,I69354,10
Alternative_Neurologic_or_Vascular_Related_Diagnoses,Alternative-Neurologic or Vascular-Related Diagnoses,I69848,10
Alternative_Neurologic_or_Vascular_Related_Diagnoses,Alternative-Neurologic or Vascular-Related Diagnoses,I739,10
Alternative_Neurologic_or_Vascular_Related_Diagnoses,Alternative-Neurologic or Vascular-Related Diagnoses,M21339,10
Alternative_Neurologic_or_Vascular_Related_Diagnoses,Alternative-Neurologic or Vascular-Related Diagnoses,M21371,10
Alternative_Neurologic_or_Vascular_Related_Diagnoses,Alternative-Neurologic or Vascular-Related Diagnoses,M21372,10
Alternative_Neurologic_or_Vascular_Related_Diagnoses,Alternative-Neurologic or Vascular-Related Diagnoses,M436,10
Alternative_Neurologic_or_Vascular_Related_Diagnoses,Alternative-Neurologic or Vascular-Related Diagnoses,M530,10
Alternative_Neurologic_or_Vascular_Related_Diagnoses,Alternative-Neurologic or Vascular-Related Diagnoses,M531,10
Alternative_Neurologic_or_Vascular_Related_Diagnoses,Alternative-Neurologic or Vascular-Related Diagnoses,M533,10
Alternative_Neurologic_or_Vascular_Related_Diagnoses,Alternative-Neurologic or Vascular-Related Diagnoses,M5382,10
Alternative_Neurologic_or_Vascular_Related_Diagnoses,Alternative-Neurologic or Vascular-Related Diagnoses,M5386,10
Alternative_Neurologic_or_Vascular_Related_Diagnoses,Alternative-Neurologic or Vascular-Related Diagnoses,M539,10
Alternative_Neurologic_or_Vascular_Related_Diagnoses,Alternative-Neurologic or Vascular-Related Diagnoses,M5410,10
Alternative_Neurologic_or_Vascular_Related_Diagnoses,Alternative-Neurologic or Vascular-Related Diagnoses,M5412,10
Alternative_Neurologic_or_Vascular_Related_Diagnoses,Alternative-Neurologic or Vascular-Related Diagnoses,M5413,10
Alternative_Neurologic_or_Vascular_Related_Diagnoses,Alternative-Neurologic or Vascular-Related Diagnoses,M5414,10
Alternative_Neurologic_or_Vascular_Related_Diagnoses,Alternative-Neurologic or Vascular-Related Diagnoses,M5415,10
Alternative_Neurologic_or_Vascular_Related_Diagnoses,Alternative-Neurologic or Vascular-Related Diagnoses,M5416,10
Alternative_Neurologic_or_Vascular_Related_Diagnoses,Alternative-Neurologic or Vascular-Related Diagnoses,M5417,10
Alternative_Neurologic_or_Vascular_Related_Diagnoses,Alternative-Neurologic or Vascular-Related Diagnoses,M5430,10
Alternative_Neurologic_or_Vascular_Related_Diagnoses,Alternative-Neurologic or Vascular-Related Diagnoses,M5431,10
Alternative_Neurologic_or_Vascular_Related_Diagnoses,Alternative-Neurologic or Vascular-Related Diagnoses,M5432,10
Alternative_Neurologic_or_Vascular_Related_Diagnoses,Alternative-Neurologic or Vascular-Related Diagnoses,M5440,10
Alternative_Neurologic_or_Vascular_Related_Diagnoses,Alternative-Neurologic or Vascular-Related Diagnoses,M5441,10
Alternative_Neurologic_or_Vascular_Related_Diagnoses,Alternative-Neurologic or Vascular-Related Diagnoses,M5442,10
Alternative_Neurologic_or_Vascular_Related_Diagnoses,Alternative-Neurologic or Vascular-Related Diagnoses,M5481,10
Alternative_Neurologic_or_Vascular_Related_Diagnoses,Alternative-Neurologic or Vascular-Related Diagnoses,M792,10
Alternative_GI_GU_Related_Diagnoses,Alternative-GI/GU-Related Diagnoses,K8020,10
Alternative_GI_GU_Related_Diagnoses,Alternative-GI/GU-Related Diagnoses,N200,10
Alternative_GI_GU_Related_Diagnoses,Alternative-GI/GU-Related Diagnoses,N281,10
Alternative_GI_GU_Related_Diagnoses,Alternative-GI/GU-Related Diagnoses,N319,10
Alternative_GI_GU_Related_Diagnoses,Alternative-GI/GU-Related Diagnoses,R32,10
Alternative_GI_GU_Related_Diagnoses,Alternative-GI/GU-Related Diagnoses,R339,10
Testing_Imaging_or_Physical_Exam_Based_Diagnoses,Testing-Imaging-or-Physical-Exam-Based Diagnoses,D638,10
Testing_Imaging_or_Physical_Exam_Based_Diagnoses,Testing-Imaging-or-Physical-Exam-Based Diagnoses,D649,10
Testing_Imaging_or_Physical_Exam_Based_Diagnoses,Testing-Imaging-or-Physical-Exam-Based Diagnoses,D696,10
Testing_Imaging_or_Physical_Exam_Based_Diagnoses,Testing-Imaging-or-Physical-Exam-Based Diagnoses,D72829,10
Testing_Imaging_or_Physical_Exam_Based_Diagnoses,Testing-Imaging-or-Physical-Exam-Based Diagnoses,R2689,10
Testing_Imaging_or_Physical_Exam_Based_Diagnoses,Testing-Imaging-or-Physical-Exam-Based Diagnoses,R269,10
Testing_Imaging_or_Physical_Exam_Based_Diagnoses,Testing-Imaging-or-Physical-Exam-Based Diagnoses,R634,10
Testing_Imaging_or_Physical_Exam_Based_Diagnoses,Testing-Imaging-or-Physical-Exam-Based Diagnoses,R339,10
Testing_Imaging_or_Physical_Exam_Based_Diagnoses,Testing-Imaging-or-Physical-Exam-Based Diagnoses,R260,10
Testing_Imaging_or_Physical_Exam_Based_Diagnoses,Testing-Imaging-or-Physical-Exam-Based Diagnoses,R261,10
Testing_Imaging_or_Physical_Exam_Based_Diagnoses,Testing-Imaging-or-Physical-Exam-Based Diagnoses,R936,10
Testing_Imaging_or_Physical_Exam_Based_Diagnoses,Testing-Imaging-or-Physical-Exam-Based Diagnoses,R937,10
